{
  "eye": {
    "orientation": [
      0.367035835981369,
      0.20507673919200897,
      0.4425584077835083,
      0.7920671701431274
    ],
    "magnitude": 0.2557748258113861,
    "position": [
      112.47411346435547,
      -69.23621368408203,
      112.05339813232422
    ]
  },
  "radius": 100,
  "type": "ORTHOGRAPHIC"
}