{
  "eye": {
    "orientation": [
      -0.46088290214538574,
      0.26449471712112427,
      -0.004417994990944862,
      0.8471186757087708
    ],
    "magnitude": 0.5773502588272095,
    "position": [
      147.42379760742188,
      205.1298828125,
      105.25112915039062
    ]
  },
  "radius": 100,
  "type": "PERSPECTIVE"
}