{
  "eye": {
    "orientation": [
      0.3638802468776703,
      -0.020742252469062805,
      -0.05299593508243561,
      0.9297055006027222
    ],
    "magnitude": 0.5773502588272095,
    "position": [
      -13.362350463867188,
      -116.80117797851562,
      127.19649505615234
    ]
  },
  "radius": 100,
  "type": "ORTHOGRAPHIC"
}