{
  "eye": {
    "orientation": [
      0.4954797625541687,
      0.1658453643321991,
      0.27063482999801636,
      0.8085492849349976
    ],
    "magnitude": 1.0349122285842896,
    "position": [
      55.82756423950195,
      -146.69049072265625,
      85.67182159423828
    ]
  },
  "radius": 100,
  "type": "ORTHOGRAPHIC"
}