{
  "eye": {
    "orientation": [
      0.5855689644813538,
      0.164527028799057,
      0.21470631659030914,
      0.7641603946685791
    ],
    "magnitude": 0.6552637815475464,
    "position": [
      87.08866119384766,
      -142.74176025390625,
      45.17076873779297
    ]
  },
  "radius": 100,
  "type": "ORTHOGRAPHIC"
}